{"val_loss": 8.693144633507853, "val_acc": 0.47912834300268853, "val_f1": 0.47912834300268853, "_runtime": 17, "_timestamp": 1639012839, "_step": 1, "_wandb": {"runtime": 18}}