{"val_loss": 21267.5817178435, "val_acc": 0.5198811376821848, "val_f1": 0.5198811376821848, "_runtime": 10, "_timestamp": 1639010571, "_step": 0, "_wandb": {"runtime": 11}}