{"val_loss": 8.816680964341305, "val_acc": 0.5037498231215509, "val_f1": 0.5037498231215509, "_runtime": 17, "_timestamp": 1639012891, "_step": 1, "_wandb": {"runtime": 17}}