{"val_loss": 27548.26432715438, "val_acc": 0.5120984859204755, "val_f1": 0.5120984859204755, "_runtime": 11, "_timestamp": 1639010442, "_step": 0, "_wandb": {"runtime": 12}}