{"val_loss": 1.7988188665186784, "val_acc": 0.5869534455921891, "val_f1": 0.5869534455921891, "_runtime": 42, "_timestamp": 1639010650, "_step": 5}