{"val_loss": 0.1091376477764168, "val_acc": 0.9633507853403142, "val_f1": 0.9633507853403142, "_runtime": 337, "_timestamp": 1639013277, "_step": 51, "_wandb": {"runtime": 338}}